-- MySQL dump 10.13  Distrib 5.7.34, for Linux (x86_64)
--
-- Host: localhost    Database: crushers
-- ------------------------------------------------------
-- Server version	5.7.34-0ubuntu0.18.04.1

/*!40101 SET @OLD_CHARACTER_SET_CLIENT=@@CHARACTER_SET_CLIENT */;
/*!40101 SET @OLD_CHARACTER_SET_RESULTS=@@CHARACTER_SET_RESULTS */;
/*!40101 SET @OLD_COLLATION_CONNECTION=@@COLLATION_CONNECTION */;
/*!40101 SET NAMES utf8 */;
/*!40103 SET @OLD_TIME_ZONE=@@TIME_ZONE */;
/*!40103 SET TIME_ZONE='+00:00' */;
/*!40014 SET @OLD_UNIQUE_CHECKS=@@UNIQUE_CHECKS, UNIQUE_CHECKS=0 */;
/*!40014 SET @OLD_FOREIGN_KEY_CHECKS=@@FOREIGN_KEY_CHECKS, FOREIGN_KEY_CHECKS=0 */;
/*!40101 SET @OLD_SQL_MODE=@@SQL_MODE, SQL_MODE='NO_AUTO_VALUE_ON_ZERO' */;
/*!40111 SET @OLD_SQL_NOTES=@@SQL_NOTES, SQL_NOTES=0 */;

--
-- Table structure for table `makes_master`
--

DROP TABLE IF EXISTS `makes_master`;
/*!40101 SET @saved_cs_client     = @@character_set_client */;
/*!40101 SET character_set_client = utf8 */;
CREATE TABLE `makes_master` (
  `make_id` int(11) NOT NULL COMMENT 'primary key',
  `make` varchar(255) DEFAULT NULL,
  PRIMARY KEY (`make_id`)
) ENGINE=InnoDB DEFAULT CHARSET=utf8;
/*!40101 SET character_set_client = @saved_cs_client */;

--
-- Dumping data for table `makes_master`
--

LOCK TABLES `makes_master` WRITE;
/*!40000 ALTER TABLE `makes_master` DISABLE KEYS */;
INSERT INTO `makes_master` VALUES (1,'9FF'),(2,'9FF'),(3,'AAC'),(4,'ABARTH'),(5,'ABD'),(6,'ABT'),(7,'AC'),(8,'AC SCHNITZER'),(9,'ACURA'),(10,'ADRENALINE'),(11,'AEON'),(12,'ALAN MANN'),(13,'ALBA'),(14,'ALFA-ROMEO'),(15,'ALLARD'),(16,'ALPINA'),(17,'ALPINE'),(18,'ALVIS'),(19,'AMERICAN MOTORS'),(20,'AMG'),(21,'AMILCAR'),(22,'APOLLO'),(23,'ARASH'),(24,'ARDEN'),(25,'ARIEL'),(26,'ARK'),(27,'ARTEGA'),(28,'ASC'),(29,'ASCARI'),(30,'ASL'),(31,'ASMA'),(32,'ASTON MARTIN'),(33,'ATS'),(34,'AUBURN'),(35,'AUDI'),(36,'AUSTIN'),(37,'AUSTIN-HEALEY'),(38,'AUTECH'),(39,'AUTO UNION'),(40,'BAC'),(41,'BALDWIN MOTION'),(42,'BALLOT'),(43,'BENTLEY'),(44,'BENZ'),(45,'BERTONE'),(46,'BIZZARRINI'),(47,'BMW'),(48,'BRABUS'),(49,'BUGATTI'),(50,'BUICK'),(51,'CADILLAC'),(52,'CALLAWAY'),(53,'CAPARO'),(54,'CARLSSON'),(55,'CASTAGNA'),(56,'CATERHAM'),(57,'CHEVROLET'),(58,'CHEVRON'),(59,'CHRYSLER'),(60,'CISITALIA'),(61,'CITROËN'),(62,'CIZETA'),(63,'CONTINENTAL'),(64,'COOPER'),(65,'CORD'),(66,'CORVAIR'),(67,'COURAGE'),(68,'DACIA'),(69,'DAEWOO'),(70,'DAIHATSU'),(71,'DAIMLER'),(72,'DATSUN'),(73,'DAUER'),(74,'DAVID BROWN'),(75,'DE DION-BOUTON'),(76,'DELAGE'),(77,'DELAHAYE'),(78,'DELAUNAY'),(79,'DELOREAN'),(80,'DENZEL'),(81,'DERBY'),(82,'DESOTO'),(83,'DETOMASO'),(84,'DETROIT ELECTRIC'),(85,'DEVEL SIXTEEN '),(86,'DEVIN'),(87,'DEVON'),(88,'DIATTO'),(89,'DINAN'),(90,'DINO'),(91,'DKW'),(92,'DODGE'),(93,'DOME'),(94,'DONKERVOORT'),(95,'DORAN'),(96,'DP'),(97,'DREKER'),(98,'DUAL-GHIA'),(99,'DUESENBERG'),(100,'DUPONT'),(101,'EAGLE'),(102,'ECHIDNA'),(103,'EDAG'),(104,'EDO'),(105,'EDWARDS'),(106,'ELEMENTAL'),(107,'ELFIN'),(108,'ELVA'),(109,'EMME'),(110,'ENIZIO'),(111,'EPSILON'),(112,'ERMINI'),(113,'ETUD'),(114,'EUNOS'),(115,'EVANS'),(116,'EVOLVE'),(117,'EXAGON'),(118,'FAB DESIGN'),(119,'FABCAR'),(120,'FACEL VEGA'),(121,'FACETTI'),(122,'FACTORY FIVE'),(123,'FARADAY'),(124,'FARALLI & MAZZ'),(125,'FARBIO'),(126,'FARBOUD'),(127,'FARMAN'),(128,'FENIX'),(129,'FENOMENON'),(130,'FERRARI'),(131,'FIAT'),(132,'FIFTEEN52'),(133,'FIORAVANTI'),(134,'FISKER'),(135,'FLAJOLE'),(136,'FOOSE'),(137,'FORCED FED'),(138,'FORD'),(139,'FRAZER NASH'),(140,'FRONTY'),(141,'FSWERKS'),(142,'FUORE'),(143,'GAACO'),(144,'GALPIN'),(145,'GEELY'),(146,'GEIGER'),(147,'GEMBALLA'),(148,'GENADDI'),(149,'GENERAL MOTORS'),(150,'GENESIS'),(151,'GHIA'),(152,'GIGLIATO'),(153,'GILLET'),(154,'GINETTA'),(155,'GIUGIARO'),(156,'GLASSPAR'),(157,'GMC'),(158,'GORDINI'),(159,'GPOWER'),(160,'GRABER CARS'),(161,'GREDDY'),(162,'GREENWOOD'),(163,'GRMN'),(164,'GTA'),(165,'GUMPERT'),(166,'HAFEI'),(167,'HAMANN'),(168,'HARTGE'),(169,'HASPORT'),(170,'HBH'),(171,'HENNESSEY'),(172,'HEULIEZ'),(173,'HEYNSDYK'),(174,'HISPANO-SUIZA'),(175,'HKS'),(176,'HOERMANN'),(177,'HOLDEN'),(178,'HOMMEL'),(179,'HONDA'),(180,'HONGQI'),(181,'HOOPER'),(182,'HORCH'),(183,'HOTCHKISS'),(184,'HOWELL'),(185,'HPD'),(186,'HRG'),(187,'HSV'),(188,'HUDSON'),(189,'HULME'),(190,'HUNTER'),(191,'HURST'),(192,'HYUNDAI'),(193,'ICENI'),(194,'ICONA'),(195,'ICONIC'),(196,'IED'),(197,'IMOLA RACING'),(198,'IMPERIAL'),(199,'IMPUL'),(200,'IMSA'),(201,'INFINITI'),(202,'INNOTECH'),(203,'INTERMECCANICA'),(204,'INTREPID'),(205,'INVICTA'),(206,'ISDERA'),(207,'ISO'),(208,'ISOTTA FRAS'),(209,'ISUZU'),(210,'ITALDESIGN'),(211,'ITALMECCANICA'),(212,'JAC'),(213,'JAGUAR'),(214,'JAVAN'),(215,'JBA'),(216,'JEEP'),(217,'JENSEN'),(218,'JETSTREAM'),(219,'JIMENEZ'),(220,'JIOTTO'),(221,'JOEST'),(222,'KAISER-DARRIN'),(223,'KARMA'),(224,'KARMANN'),(225,'KATECH'),(226,'KEATING'),(227,'KELLISON'),(228,'KEPLER MOTORS'),(229,'KIA'),(230,'KICHERER'),(231,'KLEEMANN'),(232,'KOENIG-SPECIALS'),(233,'KOENIGSEGG'),(234,'KREMER'),(235,'KTM'),(236,'KURTIS'),(237,'LABORATORIO'),(238,'LAGONDA'),(239,'LAMBORGHINI'),(240,'LANCHESTER'),(241,'LANCIA'),(242,'LAND ROVER'),(243,'LANG-COOPER'),(244,'LARAKI'),(245,'LASALLE'),(246,'LAURIN & KLE'),(247,'LEA FRANCIS'),(248,'LEBLANC'),(249,'LEXUS,'),(250,'LIGHTNING'),(251,'LIGIER'),(252,'LINCOLN'),(253,'LINGENFELTER'),(254,'LISTER'),(255,'LJ GARCIA'),(256,'LLOYD'),(257,'LOBINI'),(258,'LOCAL MOTORS'),(259,'LOCOMOBILE'),(260,'LOCUS'),(261,'LODER1899'),(262,'LOHNER-PORSCHE'),(263,'LOLA'),(264,'LOREMO'),(265,'LORRAINE DIE'),(266,'LOTEC'),(267,'LOTUS'),(268,'LUCID'),(269,'LUMMA,'),(270,'LUXGEN'),(271,'LYKAN'),(272,'MAGNA'),(273,'MALLETT'),(274,'MAMEROW'),(275,'MANSORY'),(276,'MARCH'),(277,'MARCOS'),(278,'MARMON'),(279,'MARUSSIA'),(280,'MASERATI'),(281,'MASTRETTA'),(282,'MATECH-FORD'),(283,'MATRA-SIMCA'),(284,'MAYBACH'),(285,'MAZDA'),(286,'MAZEL'),(287,'MAZZANTI'),(288,'MCA'),(289,'MCCULLOCH'),(290,'MCLAREN'),(291,'MCV'),(292,'MEGA'),(293,'MELKUS'),(294,'MELLING'),(295,'MERCEDES'),(296,'MERCEDES-AMG'),(297,'MERCEDES-BENZ'),(298,'MERCEDES-KNIGHT'),(299,'MERCER'),(300,'MERCURY'),(301,'MG'),(302,'MILLER'),(303,'MINERVA'),(304,'MINI'),(305,'MIRAGE'),(306,'MITSUBISHI'),(307,'MITSUOKA'),(308,'MOBSTEEL'),(309,'MOMO'),(310,'MONTEVERDI'),(311,'MOONCRAFT'),(312,'MORETTI'),(313,'MORGAN'),(314,'MORRIS'),(315,'MOSLER'),(316,'MR NORM’S'),(317,'MRT'),(318,'MSO'),(319,'MTM'),(320,'MUGEN'),(321,'MULLEN'),(322,'MULTIMATIC'),(323,'MUNTZ'),(324,'MURENA'),(325,'NAPIER'),(326,'NASH'),(327,'NASH-HEALEY'),(328,'NERI & BONACINI'),(329,'NEUSPEED'),(330,'NICKEY'),(331,'NISMO'),(332,'NISSAN'),(333,'NOBLE'),(334,'NORMAN E TIMBS'),(335,'NOVA'),(336,'NOVITEC'),(337,'O'),(338,'OETTINGER'),(339,'OLD YELLER'),(340,'OLDSMOBILE'),(341,'OLSBERGSMSE'),(342,'OM'),(343,'OPEL'),(344,'ORCA'),(345,'ORECA'),(346,'OSCA'),(347,'OSELLA'),(348,'OTHER'),(349,'PACKARD'),(350,'PAGANI'),(351,'PANHARD'),(352,'PANOZ'),(353,'PANTHER'),(354,'PARRADINE'),(355,'PEERLESS'),(356,'PEGASO'),(357,'PERANA'),(358,'PERRIN'),(359,'PESCAROLO'),(360,'PEUGEOT'),(361,'PGO'),(362,'PICCHIO'),(363,'PIERCE'),(364,'PIERCE-ARROW'),(365,'PILBEAM'),(366,'PININFARINA'),(367,'PIONTEK'),(368,'PIPER'),(369,'PIRRUNG'),(370,'PLYMOUTH'),(371,'POLESTAR'),(372,'PONTIAC'),(373,'PORSCHE'),(374,'PPI'),(375,'PRATT & MILLER'),(376,'PREMIER'),(377,'PRINCE'),(378,'PRINDIVILLE'),(379,'PRODRIVE'),(380,'PROST'),(381,'PROTON'),(382,'PSI'),(383,'PUMA'),(384,'QUANT'),(385,'QVALE'),(386,'QVICK'),(387,'RACING DYNAMICS'),(388,'RADFORD'),(389,'RADICAL'),(390,'RAM'),(391,'RANZ'),(392,'RE AMEMIYA'),(393,'REDLINE'),(394,'REITER'),(395,'RENÉ BONNET'),(396,'RENAULT'),(397,'RENNTECH'),(398,'REVENGE'),(399,'REYARD'),(400,'REYNARD'),(401,'REZVANI'),(402,'RICKENBAKER'),(403,'RILEY'),(404,'RIMAC'),(405,'RINSPEED'),(406,'RK COLLECTION'),(407,'RLR'),(408,'RMR'),(409,'ROEWE'),(410,'ROLLS-ROYCE'),(411,'ROMETSCH'),(412,'RONART'),(413,'RONN MOTOR'),(414,'ROOCK'),(415,'ROOS'),(416,'ROSSI'),(417,'ROSSION'),(418,'ROUSH'),(419,'ROVER'),(420,'ROYAL EXCELLENCE'),(421,'RSR'),(422,'RTR'),(423,'RUF'),(424,'RUSSO-BALTIQUE'),(425,'RUXTON'),(426,'SAAB'),(427,'SAAC'),(428,'SADLER-MEYER'),(429,'SAFIR'),(430,'SAKER'),(431,'SALEEN'),(432,'SAMLSON'),(433,'SANTINI'),(434,'SARENI'),(435,'SATURN'),(436,'SAUBER'),(437,'SAVAGE'),(438,'SBARRO'),(439,'SCARAB'),(440,'SCG'),(441,'SCHAGHTICOKE'),(442,'SCHICK'),(443,'SCION'),(444,'SCORPION'),(445,'SCUDERIA'),(446,'SDR SPORTSCARS'),(447,'SEAT'),(448,'SENSOR'),(449,'SERENISSIMA'),(450,'SERPOLLET'),(451,'SHADOW'),(452,'SHELBY'),(453,'SIATA'),(454,'SIMBOL'),(455,'SIMCA'),(456,'SIMPLEX'),(457,'SINGER'),(458,'SIZAIRE-NAUDIN'),(459,'SKUNK2'),(460,'SLP'),(461,'SMART'),(462,'SMS'),(463,'SO-CAL'),(464,'SOLEIL'),(465,'SOLETTA'),(466,'SPADA'),(467,'SPARK'),(468,'SPECTER'),(469,'SPECTRE'),(470,'SPEEDART'),(471,'SPICE'),(472,'SPIESS'),(473,'SPITZER INDY'),(474,'SPORTEC'),(475,'SPYKER'),(476,'SQUIRE'),(477,'SSC'),(478,'STARTECH'),(479,'STASIS'),(480,'STEALTH'),(481,'STEEDA'),(482,'STEENSTRA'),(483,'STEINMETZ'),(484,'STILLEN'),(485,'STING'),(486,'STODDARD-DAYTON'),(487,'STOLA'),(488,'STOVEBOLT'),(489,'STRATHCARRON'),(490,'STROSEK'),(491,'STUDIE'),(492,'STUTZ'),(493,'STYLING GARAGE'),(494,'SUBARU'),(495,'SUN-RED'),(496,'SUNBEAM'),(497,'SUNDOULES'),(498,'SUPERFORMANCE'),(499,'SUZUKI'),(500,'SUZUSHO'),(501,'SWALLOW'),(502,'TALBOT'),(503,'TALBOT-LAGO'),(504,'TANNER FOUST'),(505,'TASCA'),(506,'TATRA'),(507,'TATUM'),(508,'TAURO SPORT'),(509,'TECHART'),(510,'TECHNICAL'),(511,'TEIN'),(512,'TESLA'),(513,'TEVERBAUGH'),(514,'THOMAS FLYER'),(515,'THURY-NUSS'),(516,'TIGER'),(517,'TMG'),(518,'TMR'),(519,'TOJEIRO'),(520,'TOM'),(521,'TOMMY'),(522,'TORAY'),(523,'TOWNSEND'),(524,'TOYOTA'),(525,'TRABANT'),(526,'TRAMONTANA'),(527,'TRANSSTAR'),(528,'TRD'),(529,'TRIDENT'),(530,'TRION'),(531,'TRIUMPH'),(532,'TROUTMAN'),(533,'TUCKER'),(534,'TURBO TECHNICS'),(535,'TURCAT-MÉRY'),(536,'TURNER MOT'),(537,'TUSHEK'),(538,'TVR'),(539,'U'),(540,'ULTIMA'),(541,'UNIPOWER'),(542,'VÖRSTEINER'),(543,'VŪHL'),(544,'V'),(545,'VALMET'),(546,'VANDENBRINK'),(547,'VAUXHALL'),(548,'VDS'),(549,'VECTOR'),(550,'VEILSIDE'),(551,'VEMAC'),(552,'VENCER'),(553,'VENTURI'),(554,'VERITAS'),(555,'VGD'),(556,'VICTRESS'),(557,'VIRAGO'),(558,'VISION'),(559,'VL-AUTOMOTIVE'),(560,'VOISIN'),(561,'VOLKSWAGEN'),(562,'VOLVO'),(563,'VORTEX'),(564,'WANDERER'),(565,'WCC'),(566,'WEBB'),(567,'WEBER'),(568,'WEINECK'),(569,'WELTER'),(570,'WESTFIELD'),(571,'WIESMANN'),(572,'WILLIMENT'),(573,'WILLYS-KNIGHT'),(574,'YAMAHA'),(575,'YENKO'),(576,'YES'),(577,'ZAGATO'),(578,'ZENDER'),(579,'ZENOS'),(580,'ZENVO'),(581,'ZYTEK');
/*!40000 ALTER TABLE `makes_master` ENABLE KEYS */;
UNLOCK TABLES;

--
-- Table structure for table `models_master`
--

DROP TABLE IF EXISTS `models_master`;
/*!40101 SET @saved_cs_client     = @@character_set_client */;
/*!40101 SET character_set_client = utf8 */;
CREATE TABLE `models_master` (
  `model_id` int(11) NOT NULL AUTO_INCREMENT COMMENT 'primary key',
  `model` varchar(255) DEFAULT NULL,
  PRIMARY KEY (`model_id`)
) ENGINE=InnoDB AUTO_INCREMENT=11 DEFAULT CHARSET=utf8;
/*!40101 SET character_set_client = @saved_cs_client */;

--
-- Dumping data for table `models_master`
--

LOCK TABLES `models_master` WRITE;
/*!40000 ALTER TABLE `models_master` DISABLE KEYS */;
INSERT INTO `models_master` VALUES (1,'dchfu'),(2,'skgii'),(3,'tqufk'),(4,'tvqgi'),(5,'jtkzg'),(6,'kmxat'),(7,'libqi'),(8,'nxiww'),(9,'jfxlv'),(10,'vtfgs');
/*!40000 ALTER TABLE `models_master` ENABLE KEYS */;
UNLOCK TABLES;

--
-- Table structure for table `vehicles`
--

DROP TABLE IF EXISTS `vehicles`;
/*!40101 SET @saved_cs_client     = @@character_set_client */;
/*!40101 SET character_set_client = utf8 */;
CREATE TABLE `vehicles` (
  `vin` varchar(17) NOT NULL,
  `make_id` int(11) NOT NULL,
  `model_id` int(11) NOT NULL,
  `plate` varchar(10) NOT NULL,
  `img_path` varchar(255) NOT NULL,
  `status` varchar(32) NOT NULL,
  `create_date` datetime DEFAULT NULL COMMENT 'create date',
  `update_date` datetime DEFAULT NULL COMMENT 'update date',
  `mfr_yr` smallint(6) NOT NULL,
  `disp_date` datetime DEFAULT NULL,
  PRIMARY KEY (`vin`)
) ENGINE=InnoDB DEFAULT CHARSET=utf8;
/*!40101 SET character_set_client = @saved_cs_client */;

--
-- Dumping data for table `vehicles`
--

LOCK TABLES `vehicles` WRITE;
/*!40000 ALTER TABLE `vehicles` DISABLE KEYS */;
INSERT INTO `vehicles` VALUES ('1',280,743,'zxqai','wbern','ojwbj','1973-03-20 15:35:40','1992-09-03 14:18:28',23,'2011-05-28 12:38:43'),('10',220,587,'nqunn','sunpi','htnup','1975-02-26 00:17:06','2013-06-05 21:02:33',16,'1973-01-29 13:25:04'),('111',1,1,'1111','/var/crusher_images/a.jpg','IN_PROGRESS','2021-07-06 00:00:00','2021-07-06 00:00:00',1111,NULL),('1121313123',1,1,'121212','/var/crusher_images/a.jpg','IN_PROGRESS','2021-07-06 00:00:00','2021-07-06 00:00:00',1212,NULL),('123211',1,1,'20120101','/var/crusher_images/abc.jpg','IN_PROGRESS','2021-07-06 00:00:00','2021-07-06 00:00:00',2012,NULL),('2',932,84,'bktdr','qjpux','hqycu','1985-12-18 02:57:16','2001-12-19 07:31:43',23,'2012-06-07 20:52:03'),('2333',1,1,'1111','/var/crusher_images/a.jpg','IN_PROGRESS','2021-07-06 00:00:00','2021-07-06 00:00:00',1111,NULL),('3',484,730,'pmzeh','rmwog','hdwbm','1974-07-10 23:51:09','1974-01-25 08:09:24',19,'1987-05-15 22:16:42'),('333',1,1,'1111','/var/crusher_images/a.jpg','IN_PROGRESS','2021-07-06 00:00:00','2021-07-06 00:00:00',1111,NULL),('4',181,890,'kynyn','gzxbd','lwkcv','2004-05-31 02:59:04','1989-01-14 02:06:24',11,'2020-01-09 00:20:51'),('43444',1,1,'121212','/var/crusher_images/abc.jpg','IN_PROGRESS','2021-07-06 00:00:00','2021-07-06 00:00:00',1212,NULL),('434aad44',1,1,'121a212','/var/crusher_images/abc.jpg','IN_PROGRESS','2021-07-06 00:00:00','2021-07-06 00:00:00',1212,NULL),('434aad441212',112,1,'121a212','/var/crusher_images/abc.jpg','IN_PROGRESS','2021-07-06 00:00:00','2021-07-06 00:00:00',1212,NULL),('434d44',1,1,'121212','/var/crusher_images/abc.jpg','IN_PROGRESS','2021-07-06 00:00:00','2021-07-06 00:00:00',1212,NULL),('4444',1,1,'121212','/var/crusher_images/abc.jpg','IN_PROGRESS','2021-07-06 00:00:00','2021-07-06 00:00:00',1212,NULL),('5',106,959,'mpbvt','roobf','myirb','1983-09-27 21:00:02','2000-12-21 03:58:03',26,'1988-08-24 12:04:40'),('6',667,96,'jnkxq','qnood','uuhdu','1971-05-27 01:05:42','1976-07-21 11:01:17',2,'1988-10-26 01:53:29'),('7',28,859,'uogob','pvwak','hyozm','2021-06-14 01:59:35','1982-11-22 20:06:35',19,'1979-05-05 10:58:26'),('8',109,813,'hgbjo','ohiij','bsccw','2012-02-26 07:51:59','1985-06-05 16:26:00',14,'1989-07-27 11:39:58'),('9',272,802,'bhtst','sdsos','pzazf','2005-04-25 23:19:11','2016-05-01 21:01:17',22,'1991-02-22 05:59:38'),('vin',1,1,'1224234','/var/crusher_images/abc.jpg','IN_PROGRESS','2021-07-06 00:00:00','2021-07-06 00:00:00',2111,NULL),('vin2',1,1,'1224234','/var/crusher_images/abc.jpg','IN_PROGRESS','2021-07-06 00:00:00','2021-07-06 00:00:00',2111,NULL),('xexe',12,1,'21fdafads','/var/crusher_images/abc.jpg','IN_PROGRESS','2021-07-06 00:00:00','2021-07-06 00:00:00',2121,NULL),('xexes',1,1,'21fdafads','/var/crusher_images/abc.jpg','IN_PROGRESS','2021-07-06 00:00:00','2021-07-06 00:00:00',2121,NULL),('xexes12',1,1,'21fdafads','/var/crusher_images/abc.jpg','IN_PROGRESS','2021-07-06 00:00:00','2021-07-06 00:00:00',2121,NULL);
/*!40000 ALTER TABLE `vehicles` ENABLE KEYS */;
UNLOCK TABLES;
/*!40103 SET TIME_ZONE=@OLD_TIME_ZONE */;

/*!40101 SET SQL_MODE=@OLD_SQL_MODE */;
/*!40014 SET FOREIGN_KEY_CHECKS=@OLD_FOREIGN_KEY_CHECKS */;
/*!40014 SET UNIQUE_CHECKS=@OLD_UNIQUE_CHECKS */;
/*!40101 SET CHARACTER_SET_CLIENT=@OLD_CHARACTER_SET_CLIENT */;
/*!40101 SET CHARACTER_SET_RESULTS=@OLD_CHARACTER_SET_RESULTS */;
/*!40101 SET COLLATION_CONNECTION=@OLD_COLLATION_CONNECTION */;
/*!40111 SET SQL_NOTES=@OLD_SQL_NOTES */;

-- Dump completed on 2021-07-06 21:28:10
