-- MySQL dump 10.13  Distrib 5.7.34, for Linux (x86_64)
--
-- Host: localhost    Database: crushers
-- ------------------------------------------------------
-- Server version	5.7.34-0ubuntu0.18.04.1

/*!40101 SET @OLD_CHARACTER_SET_CLIENT=@@CHARACTER_SET_CLIENT */;
/*!40101 SET @OLD_CHARACTER_SET_RESULTS=@@CHARACTER_SET_RESULTS */;
/*!40101 SET @OLD_COLLATION_CONNECTION=@@COLLATION_CONNECTION */;
/*!40101 SET NAMES utf8 */;
/*!40103 SET @OLD_TIME_ZONE=@@TIME_ZONE */;
/*!40103 SET TIME_ZONE='+00:00' */;
/*!40014 SET @OLD_UNIQUE_CHECKS=@@UNIQUE_CHECKS, UNIQUE_CHECKS=0 */;
/*!40014 SET @OLD_FOREIGN_KEY_CHECKS=@@FOREIGN_KEY_CHECKS, FOREIGN_KEY_CHECKS=0 */;
/*!40101 SET @OLD_SQL_MODE=@@SQL_MODE, SQL_MODE='NO_AUTO_VALUE_ON_ZERO' */;
/*!40111 SET @OLD_SQL_NOTES=@@SQL_NOTES, SQL_NOTES=0 */;

--
-- Table structure for table `makes_master`
--

DROP TABLE IF EXISTS `makes_master`;
/*!40101 SET @saved_cs_client     = @@character_set_client */;
/*!40101 SET character_set_client = utf8 */;
CREATE TABLE `makes_master` (
  `make_id` int(11) NOT NULL COMMENT 'primary key',
  `make` varchar(255) DEFAULT NULL,
  PRIMARY KEY (`make_id`)
) ENGINE=InnoDB DEFAULT CHARSET=utf8;
/*!40101 SET character_set_client = @saved_cs_client */;

--
-- Dumping data for table `makes_master`
--

LOCK TABLES `makes_master` WRITE;
/*!40000 ALTER TABLE `makes_master` DISABLE KEYS */;
INSERT INTO `makes_master` VALUES (1,'9FF'),(2,'9FF'),(3,'AAC'),(4,'ABARTH'),(5,'ABD'),(6,'ABT'),(7,'AC'),(8,'AC SCHNITZER'),(9,'ACURA'),(10,'ADRENALINE'),(11,'AEON'),(12,'ALAN MANN'),(13,'ALBA'),(14,'ALFA-ROMEO'),(15,'ALLARD'),(16,'ALPINA'),(17,'ALPINE'),(18,'ALVIS'),(19,'AMERICAN MOTORS'),(20,'AMG'),(21,'AMILCAR'),(22,'APOLLO'),(23,'ARASH'),(24,'ARDEN'),(25,'ARIEL'),(26,'ARK'),(27,'ARTEGA'),(28,'ASC'),(29,'ASCARI'),(30,'ASL'),(31,'ASMA'),(32,'ASTON MARTIN'),(33,'ATS'),(34,'AUBURN'),(35,'AUDI'),(36,'AUSTIN'),(37,'AUSTIN-HEALEY'),(38,'AUTECH'),(39,'AUTO UNION'),(40,'BAC'),(41,'BALDWIN MOTION'),(42,'BALLOT'),(43,'BENTLEY'),(44,'BENZ'),(45,'BERTONE'),(46,'BIZZARRINI'),(47,'BMW'),(48,'BRABUS'),(49,'BUGATTI'),(50,'BUICK'),(51,'CADILLAC'),(52,'CALLAWAY'),(53,'CAPARO'),(54,'CARLSSON'),(55,'CASTAGNA'),(56,'CATERHAM'),(57,'CHEVROLET'),(58,'CHEVRON'),(59,'CHRYSLER'),(60,'CISITALIA'),(61,'CITROËN'),(62,'CIZETA'),(63,'CONTINENTAL'),(64,'COOPER'),(65,'CORD'),(66,'CORVAIR'),(67,'COURAGE'),(68,'DACIA'),(69,'DAEWOO'),(70,'DAIHATSU'),(71,'DAIMLER'),(72,'DATSUN'),(73,'DAUER'),(74,'DAVID BROWN'),(75,'DE DION-BOUTON'),(76,'DELAGE'),(77,'DELAHAYE'),(78,'DELAUNAY'),(79,'DELOREAN'),(80,'DENZEL'),(81,'DERBY'),(82,'DESOTO'),(83,'DETOMASO'),(84,'DETROIT ELECTRIC'),(85,'DEVEL SIXTEEN '),(86,'DEVIN'),(87,'DEVON'),(88,'DIATTO'),(89,'DINAN'),(90,'DINO'),(91,'DKW'),(92,'DODGE'),(93,'DOME'),(94,'DONKERVOORT'),(95,'DORAN'),(96,'DP'),(97,'DREKER'),(98,'DUAL-GHIA'),(99,'DUESENBERG'),(100,'DUPONT'),(101,'EAGLE'),(102,'ECHIDNA'),(103,'EDAG'),(104,'EDO'),(105,'EDWARDS'),(106,'ELEMENTAL'),(107,'ELFIN'),(108,'ELVA'),(109,'EMME'),(110,'ENIZIO'),(111,'EPSILON'),(112,'ERMINI'),(113,'ETUD'),(114,'EUNOS'),(115,'EVANS'),(116,'EVOLVE'),(117,'EXAGON'),(118,'FAB DESIGN'),(119,'FABCAR'),(120,'FACEL VEGA'),(121,'FACETTI'),(122,'FACTORY FIVE'),(123,'FARADAY'),(124,'FARALLI & MAZZ'),(125,'FARBIO'),(126,'FARBOUD'),(127,'FARMAN'),(128,'FENIX'),(129,'FENOMENON'),(130,'FERRARI'),(131,'FIAT'),(132,'FIFTEEN52'),(133,'FIORAVANTI'),(134,'FISKER'),(135,'FLAJOLE'),(136,'FOOSE'),(137,'FORCED FED'),(138,'FORD'),(139,'FRAZER NASH'),(140,'FRONTY'),(141,'FSWERKS'),(142,'FUORE'),(143,'GAACO'),(144,'GALPIN'),(145,'GEELY'),(146,'GEIGER'),(147,'GEMBALLA'),(148,'GENADDI'),(149,'GENERAL MOTORS'),(150,'GENESIS'),(151,'GHIA'),(152,'GIGLIATO'),(153,'GILLET'),(154,'GINETTA'),(155,'GIUGIARO'),(156,'GLASSPAR'),(157,'GMC'),(158,'GORDINI'),(159,'GPOWER'),(160,'GRABER CARS'),(161,'GREDDY'),(162,'GREENWOOD'),(163,'GRMN'),(164,'GTA'),(165,'GUMPERT'),(166,'HAFEI'),(167,'HAMANN'),(168,'HARTGE'),(169,'HASPORT'),(170,'HBH'),(171,'HENNESSEY'),(172,'HEULIEZ'),(173,'HEYNSDYK'),(174,'HISPANO-SUIZA'),(175,'HKS'),(176,'HOERMANN'),(177,'HOLDEN'),(178,'HOMMEL'),(179,'HONDA'),(180,'HONGQI'),(181,'HOOPER'),(182,'HORCH'),(183,'HOTCHKISS'),(184,'HOWELL'),(185,'HPD'),(186,'HRG'),(187,'HSV'),(188,'HUDSON'),(189,'HULME'),(190,'HUNTER'),(191,'HURST'),(192,'HYUNDAI'),(193,'ICENI'),(194,'ICONA'),(195,'ICONIC'),(196,'IED'),(197,'IMOLA RACING'),(198,'IMPERIAL'),(199,'IMPUL'),(200,'IMSA'),(201,'INFINITI'),(202,'INNOTECH'),(203,'INTERMECCANICA'),(204,'INTREPID'),(205,'INVICTA'),(206,'ISDERA'),(207,'ISO'),(208,'ISOTTA FRAS'),(209,'ISUZU'),(210,'ITALDESIGN'),(211,'ITALMECCANICA'),(212,'JAC'),(213,'JAGUAR'),(214,'JAVAN'),(215,'JBA'),(216,'JEEP'),(217,'JENSEN'),(218,'JETSTREAM'),(219,'JIMENEZ'),(220,'JIOTTO'),(221,'JOEST'),(222,'KAISER-DARRIN'),(223,'KARMA'),(224,'KARMANN'),(225,'KATECH'),(226,'KEATING'),(227,'KELLISON'),(228,'KEPLER MOTORS'),(229,'KIA'),(230,'KICHERER'),(231,'KLEEMANN'),(232,'KOENIG-SPECIALS'),(233,'KOENIGSEGG'),(234,'KREMER'),(235,'KTM'),(236,'KURTIS'),(237,'LABORATORIO'),(238,'LAGONDA'),(239,'LAMBORGHINI'),(240,'LANCHESTER'),(241,'LANCIA'),(242,'LAND ROVER'),(243,'LANG-COOPER'),(244,'LARAKI'),(245,'LASALLE'),(246,'LAURIN & KLE'),(247,'LEA FRANCIS'),(248,'LEBLANC'),(249,'LEXUS,'),(250,'LIGHTNING'),(251,'LIGIER'),(252,'LINCOLN'),(253,'LINGENFELTER'),(254,'LISTER'),(255,'LJ GARCIA'),(256,'LLOYD'),(257,'LOBINI'),(258,'LOCAL MOTORS'),(259,'LOCOMOBILE'),(260,'LOCUS'),(261,'LODER1899'),(262,'LOHNER-PORSCHE'),(263,'LOLA'),(264,'LOREMO'),(265,'LORRAINE DIE'),(266,'LOTEC'),(267,'LOTUS'),(268,'LUCID'),(269,'LUMMA,'),(270,'LUXGEN'),(271,'LYKAN'),(272,'MAGNA'),(273,'MALLETT'),(274,'MAMEROW'),(275,'MANSORY'),(276,'MARCH'),(277,'MARCOS'),(278,'MARMON'),(279,'MARUSSIA'),(280,'MASERATI'),(281,'MASTRETTA'),(282,'MATECH-FORD'),(283,'MATRA-SIMCA'),(284,'MAYBACH'),(285,'MAZDA'),(286,'MAZEL'),(287,'MAZZANTI'),(288,'MCA'),(289,'MCCULLOCH'),(290,'MCLAREN'),(291,'MCV'),(292,'MEGA'),(293,'MELKUS'),(294,'MELLING'),(295,'MERCEDES'),(296,'MERCEDES-AMG'),(297,'MERCEDES-BENZ'),(298,'MERCEDES-KNIGHT'),(299,'MERCER'),(300,'MERCURY'),(301,'MG'),(302,'MILLER'),(303,'MINERVA'),(304,'MINI'),(305,'MIRAGE'),(306,'MITSUBISHI'),(307,'MITSUOKA'),(308,'MOBSTEEL'),(309,'MOMO'),(310,'MONTEVERDI'),(311,'MOONCRAFT'),(312,'MORETTI'),(313,'MORGAN'),(314,'MORRIS'),(315,'MOSLER'),(316,'MR NORM’S'),(317,'MRT'),(318,'MSO'),(319,'MTM'),(320,'MUGEN'),(321,'MULLEN'),(322,'MULTIMATIC'),(323,'MUNTZ'),(324,'MURENA'),(325,'NAPIER'),(326,'NASH'),(327,'NASH-HEALEY'),(328,'NERI & BONACINI'),(329,'NEUSPEED'),(330,'NICKEY'),(331,'NISMO'),(332,'NISSAN'),(333,'NOBLE'),(334,'NORMAN E TIMBS'),(335,'NOVA'),(336,'NOVITEC'),(337,'O'),(338,'OETTINGER'),(339,'OLD YELLER'),(340,'OLDSMOBILE'),(341,'OLSBERGSMSE'),(342,'OM'),(343,'OPEL'),(344,'ORCA'),(345,'ORECA'),(346,'OSCA'),(347,'OSELLA'),(348,'OTHER'),(349,'PACKARD'),(350,'PAGANI'),(351,'PANHARD'),(352,'PANOZ'),(353,'PANTHER'),(354,'PARRADINE'),(355,'PEERLESS'),(356,'PEGASO'),(357,'PERANA'),(358,'PERRIN'),(359,'PESCAROLO'),(360,'PEUGEOT'),(361,'PGO'),(362,'PICCHIO'),(363,'PIERCE'),(364,'PIERCE-ARROW'),(365,'PILBEAM'),(366,'PININFARINA'),(367,'PIONTEK'),(368,'PIPER'),(369,'PIRRUNG'),(370,'PLYMOUTH'),(371,'POLESTAR'),(372,'PONTIAC'),(373,'PORSCHE'),(374,'PPI'),(375,'PRATT & MILLER'),(376,'PREMIER'),(377,'PRINCE'),(378,'PRINDIVILLE'),(379,'PRODRIVE'),(380,'PROST'),(381,'PROTON'),(382,'PSI'),(383,'PUMA'),(384,'QUANT'),(385,'QVALE'),(386,'QVICK'),(387,'RACING DYNAMICS'),(388,'RADFORD'),(389,'RADICAL'),(390,'RAM'),(391,'RANZ'),(392,'RE AMEMIYA'),(393,'REDLINE'),(394,'REITER'),(395,'RENÉ BONNET'),(396,'RENAULT'),(397,'RENNTECH'),(398,'REVENGE'),(399,'REYARD'),(400,'REYNARD'),(401,'REZVANI'),(402,'RICKENBAKER'),(403,'RILEY'),(404,'RIMAC'),(405,'RINSPEED'),(406,'RK COLLECTION'),(407,'RLR'),(408,'RMR'),(409,'ROEWE'),(410,'ROLLS-ROYCE'),(411,'ROMETSCH'),(412,'RONART'),(413,'RONN MOTOR'),(414,'ROOCK'),(415,'ROOS'),(416,'ROSSI'),(417,'ROSSION'),(418,'ROUSH'),(419,'ROVER'),(420,'ROYAL EXCELLENCE'),(421,'RSR'),(422,'RTR'),(423,'RUF'),(424,'RUSSO-BALTIQUE'),(425,'RUXTON'),(426,'SAAB'),(427,'SAAC'),(428,'SADLER-MEYER'),(429,'SAFIR'),(430,'SAKER'),(431,'SALEEN'),(432,'SAMLSON'),(433,'SANTINI'),(434,'SARENI'),(435,'SATURN'),(436,'SAUBER'),(437,'SAVAGE'),(438,'SBARRO'),(439,'SCARAB'),(440,'SCG'),(441,'SCHAGHTICOKE'),(442,'SCHICK'),(443,'SCION'),(444,'SCORPION'),(445,'SCUDERIA'),(446,'SDR SPORTSCARS'),(447,'SEAT'),(448,'SENSOR'),(449,'SERENISSIMA'),(450,'SERPOLLET'),(451,'SHADOW'),(452,'SHELBY'),(453,'SIATA'),(454,'SIMBOL'),(455,'SIMCA'),(456,'SIMPLEX'),(457,'SINGER'),(458,'SIZAIRE-NAUDIN'),(459,'SKUNK2'),(460,'SLP'),(461,'SMART'),(462,'SMS'),(463,'SO-CAL'),(464,'SOLEIL'),(465,'SOLETTA'),(466,'SPADA'),(467,'SPARK'),(468,'SPECTER'),(469,'SPECTRE'),(470,'SPEEDART'),(471,'SPICE'),(472,'SPIESS'),(473,'SPITZER INDY'),(474,'SPORTEC'),(475,'SPYKER'),(476,'SQUIRE'),(477,'SSC'),(478,'STARTECH'),(479,'STASIS'),(480,'STEALTH'),(481,'STEEDA'),(482,'STEENSTRA'),(483,'STEINMETZ'),(484,'STILLEN'),(485,'STING'),(486,'STODDARD-DAYTON'),(487,'STOLA'),(488,'STOVEBOLT'),(489,'STRATHCARRON'),(490,'STROSEK'),(491,'STUDIE'),(492,'STUTZ'),(493,'STYLING GARAGE'),(494,'SUBARU'),(495,'SUN-RED'),(496,'SUNBEAM'),(497,'SUNDOULES'),(498,'SUPERFORMANCE'),(499,'SUZUKI'),(500,'SUZUSHO'),(501,'SWALLOW'),(502,'TALBOT'),(503,'TALBOT-LAGO'),(504,'TANNER FOUST'),(505,'TASCA'),(506,'TATRA'),(507,'TATUM'),(508,'TAURO SPORT'),(509,'TECHART'),(510,'TECHNICAL'),(511,'TEIN'),(512,'TESLA'),(513,'TEVERBAUGH'),(514,'THOMAS FLYER'),(515,'THURY-NUSS'),(516,'TIGER'),(517,'TMG'),(518,'TMR'),(519,'TOJEIRO'),(520,'TOM'),(521,'TOMMY'),(522,'TORAY'),(523,'TOWNSEND'),(524,'TOYOTA'),(525,'TRABANT'),(526,'TRAMONTANA'),(527,'TRANSSTAR'),(528,'TRD'),(529,'TRIDENT'),(530,'TRION'),(531,'TRIUMPH'),(532,'TROUTMAN'),(533,'TUCKER'),(534,'TURBO TECHNICS'),(535,'TURCAT-MÉRY'),(536,'TURNER MOT'),(537,'TUSHEK'),(538,'TVR'),(539,'U'),(540,'ULTIMA'),(541,'UNIPOWER'),(542,'VÖRSTEINER'),(543,'VŪHL'),(544,'V'),(545,'VALMET'),(546,'VANDENBRINK'),(547,'VAUXHALL'),(548,'VDS'),(549,'VECTOR'),(550,'VEILSIDE'),(551,'VEMAC'),(552,'VENCER'),(553,'VENTURI'),(554,'VERITAS'),(555,'VGD'),(556,'VICTRESS'),(557,'VIRAGO'),(558,'VISION'),(559,'VL-AUTOMOTIVE'),(560,'VOISIN'),(561,'VOLKSWAGEN'),(562,'VOLVO'),(563,'VORTEX'),(564,'WANDERER'),(565,'WCC'),(566,'WEBB'),(567,'WEBER'),(568,'WEINECK'),(569,'WELTER'),(570,'WESTFIELD'),(571,'WIESMANN'),(572,'WILLIMENT'),(573,'WILLYS-KNIGHT'),(574,'YAMAHA'),(575,'YENKO'),(576,'YES'),(577,'ZAGATO'),(578,'ZENDER'),(579,'ZENOS'),(580,'ZENVO'),(581,'ZYTEK');
/*!40000 ALTER TABLE `makes_master` ENABLE KEYS */;
UNLOCK TABLES;

--
-- Table structure for table `models_master`
--

DROP TABLE IF EXISTS `models_master`;
/*!40101 SET @saved_cs_client     = @@character_set_client */;
/*!40101 SET character_set_client = utf8 */;
CREATE TABLE `models_master` (
  `model_id` int(11) NOT NULL AUTO_INCREMENT COMMENT 'primary key',
  `model` varchar(255) DEFAULT NULL,
  `make_id` int(11) NOT NULL,
  PRIMARY KEY (`model_id`)
) ENGINE=InnoDB AUTO_INCREMENT=407 DEFAULT CHARSET=utf8;
/*!40101 SET character_set_client = @saved_cs_client */;

--
-- Dumping data for table `models_master`
--

LOCK TABLES `models_master` WRITE;
/*!40000 ALTER TABLE `models_master` DISABLE KEYS */;
INSERT INTO `models_master` VALUES (1,'2000GT',524),(2,'4RUNNER',524),(3,'AA',524),(4,'AB',524),(5,'AC',524),(6,'AE',524),(7,'AGYA',524),(8,'ALLEX',524),(9,'ALLION',524),(10,'ALPHARD',524),(11,'ALTEZZA',524),(12,'AQUA',524),(13,'ARISTO',524),(14,'AURION',524),(15,'AURIS',524),(16,'AVALON',524),(17,'AVANZA',524),(18,'AVENSIS',524),(19,'AVENSIS T27',524),(20,'AVENSIS VERSO',524),(21,'AYGO',524),(22,'BB',524),(23,'BELTA',524),(24,'BLADE',524),(25,'BLIZZARD',524),(26,'BREVIS',524),(27,'BRISKA',524),(28,'C-HR',524),(29,'CALDINA',524),(30,'CAMI',524),(31,'CAMRY',524),(32,'CAMRY SOLARA',524),(33,'CARINA',524),(34,'CARINA E',524),(35,'CARINA ED',524),(36,'CARRI',524),(37,'CAVALIER',524),(38,'CELICA',524),(39,'CELSIOR',524),(40,'CENTURY',524),(41,'CHASER',524),(42,'CLASSIC',524),(43,'COMFORT',524),(44,'COMS',524),(45,'CONDOR',524),(46,'COROLLA',524),(47,'COROLLA CERES',524),(48,'COROLLA CROSS',524),(49,'COROLLA II',524),(50,'COROLLA LEVIN',524),(51,'COROLLA RUMION',524),(52,'COROLLA SPACIO',524),(53,'COROLLA VERSO',524),(54,'CORONA',524),(55,'CORONA EXIV',524),(56,'CORSA',524),(57,'CRESSIDA',524),(58,'CRESTA',524),(59,'CROWN',524),(60,'CROWN MAJESTA',524),(61,'CURREN',524),(62,'CYNOS',524),(63,'DUET',524),(64,'ECHO',524),(65,'ESQUIRE',524),(66,'ESTIMA',524),(67,'ETIOS',524),(68,'FJ CRUISER',524),(69,'FORTUNER',524),(70,'FUN CARGO',524),(71,'FUNCARGO',524),(72,'GAIA',524),(73,'GRAND HIACE',524),(74,'GRANVIA',524),(75,'GT 86',524),(76,'GT86',524),(77,'HARRIER',524),(78,'HIACE',524),(79,'HIGHLANDER',524),(80,'HILUX',524),(81,'HILUX SURF',524),(82,'INNOVA',524),(83,'IPSUM',524),(84,'IQ',524),(85,'ISIS',524),(86,'IST',524),(87,'KIJANG',524),(88,'KLUGER',524),(89,'LAND CRUISER',524),(90,'LAND CRUISER PRADO',524),(91,'LEXCEN',524),(92,'LITE ACE',524),(93,'MARK II',524),(94,'MARK X',524),(95,'MARK X ZIO',524),(96,'MASTER',524),(97,'MASTERACE',524),(98,'MASTERACE SURF',524),(99,'MATRIX',524),(100,'MEGA CRUISER',524),(101,'MINIACE',524),(102,'MIRAI',524),(103,'MODEL F',524),(104,'MR-S',524),(105,'MR2',524),(106,'NADIA',524),(107,'NOAH',524),(108,'OPA',524),(109,'ORIGIN',524),(110,'PASEO',524),(111,'PASSO',524),(112,'PASSO SETTE',524),(113,'PICNIC',524),(114,'PIXIS',524),(115,'PIXIS EPOCH',524),(116,'PIXIS JOY',524),(117,'PIXIS MEGA',524),(118,'PIXIS SPACE',524),(119,'PIXIS VAN',524),(120,'PLATZ',524),(121,'PORTE',524),(122,'PREMIO',524),(123,'PREVIA',524),(124,'PRIUS',524),(125,'PRIUS A',524),(126,'PRIUS ALPHA',524),(127,'PRIUS C',524),(128,'PRIUS PLUS',524),(129,'PRIUS V',524),(130,'PRIUS V (+)',524),(131,'PROACE',524),(132,'PROBOX',524),(133,'PROGRES',524),(134,'PRONARD',524),(135,'PUBLICA',524),(136,'QUANTUM',524),(137,'RACTIS',524),(138,'RAIZE',524),(139,'RAUM',524),(140,'RAV4',524),(141,'REGIUS',524),(142,'REGIUSACE',524),(143,'REIZ',524),(144,'ROOMY',524),(145,'RUKUS',524),(146,'RUSH',524),(147,'SAI',524),(148,'SCEPTER',524),(149,'SEQUOIA',524),(150,'SERA',524),(151,'SIENNA',524),(152,'SIENTA',524),(153,'SOARER',524),(154,'SOLUNA',524),(155,'SPACE CRUISER',524),(156,'SPADE',524),(157,'SPARKY',524),(158,'SPORTS 800',524),(159,'SPRINTER',524),(160,'SPRINTER CARIB',524),(161,'SPRINTER MARINO',524),(162,'SPRINTER TRUENO',524),(163,'STALLION',524),(164,'STARLET',524),(165,'STOUT',524),(166,'SUCCEED',524),(167,'SUPER',524),(168,'SUPRA',524),(169,'T100',524),(170,'TACOMA',524),(171,'TAMARAW FX',524),(172,'TANK',524),(173,'TARAGO',524),(174,'TAZZ',524),(175,'TERCEL',524),(176,'TIARA',524),(177,'TOURING HIACE',524),(178,'TOWN ACE',524),(179,'TUNDRA',524),(180,'UNSER',524),(181,'URBAN CRUISER',524),(182,'VANGUARD',524),(183,'VELLFIRE',524),(184,'VENTURE',524),(185,'VENZA',524),(186,'VEROSSA',524),(187,'VERSO',524),(188,'VERSO-S',524),(189,'VIENTA',524),(190,'VIOS',524),(191,'VISTA',524),(192,'VITZ',524),(193,'VOLTZ',524),(194,'VOXY',524),(195,'WILL',524),(196,'WILL CYPHA',524),(197,'WILL VI',524),(198,'WILL VS',524),(199,'WINDOM',524),(200,'WISH',524),(201,'YARIS',524),(202,'YARIS VERSO',524),(203,'ZACE',524),(204,'2000GT',524),(205,'4RUNNER',524),(206,'AA',524),(207,'AB',524),(208,'AC',524),(209,'AE',524),(210,'AGYA',524),(211,'ALLEX',524),(212,'ALLION',524),(213,'ALPHARD',524),(214,'ALTEZZA',524),(215,'AQUA',524),(216,'ARISTO',524),(217,'AURION',524),(218,'AURIS',524),(219,'AVALON',524),(220,'AVANZA',524),(221,'AVENSIS',524),(222,'AVENSIS T27',524),(223,'AVENSIS VERSO',524),(224,'AYGO',524),(225,'BB',524),(226,'BELTA',524),(227,'BLADE',524),(228,'BLIZZARD',524),(229,'BREVIS',524),(230,'BRISKA',524),(231,'C-HR',524),(232,'CALDINA',524),(233,'CAMI',524),(234,'CAMRY',524),(235,'CAMRY SOLARA',524),(236,'CARINA',524),(237,'CARINA E',524),(238,'CARINA ED',524),(239,'CARRI',524),(240,'CAVALIER',524),(241,'CELICA',524),(242,'CELSIOR',524),(243,'CENTURY',524),(244,'CHASER',524),(245,'CLASSIC',524),(246,'COMFORT',524),(247,'COMS',524),(248,'CONDOR',524),(249,'COROLLA',524),(250,'COROLLA CERES',524),(251,'COROLLA CROSS',524),(252,'COROLLA II',524),(253,'COROLLA LEVIN',524),(254,'COROLLA RUMION',524),(255,'COROLLA SPACIO',524),(256,'COROLLA VERSO',524),(257,'CORONA',524),(258,'CORONA EXIV',524),(259,'CORSA',524),(260,'CRESSIDA',524),(261,'CRESTA',524),(262,'CROWN',524),(263,'CROWN MAJESTA',524),(264,'CURREN',524),(265,'CYNOS',524),(266,'DUET',524),(267,'ECHO',524),(268,'ESQUIRE',524),(269,'ESTIMA',524),(270,'ETIOS',524),(271,'FJ CRUISER',524),(272,'FORTUNER',524),(273,'FUN CARGO',524),(274,'FUNCARGO',524),(275,'GAIA',524),(276,'GRAND HIACE',524),(277,'GRANVIA',524),(278,'GT 86',524),(279,'GT86',524),(280,'HARRIER',524),(281,'HIACE',524),(282,'HIGHLANDER',524),(283,'HILUX',524),(284,'HILUX SURF',524),(285,'INNOVA',524),(286,'IPSUM',524),(287,'IQ',524),(288,'ISIS',524),(289,'IST',524),(290,'KIJANG',524),(291,'KLUGER',524),(292,'LAND CRUISER',524),(293,'LAND CRUISER PRADO',524),(294,'LEXCEN',524),(295,'LITE ACE',524),(296,'MARK II',524),(297,'MARK X',524),(298,'MARK X ZIO',524),(299,'MASTER',524),(300,'MASTERACE',524),(301,'MASTERACE SURF',524),(302,'MATRIX',524),(303,'MEGA CRUISER',524),(304,'MINIACE',524),(305,'MIRAI',524),(306,'MODEL F',524),(307,'MR-S',524),(308,'MR2',524),(309,'NADIA',524),(310,'NOAH',524),(311,'OPA',524),(312,'ORIGIN',524),(313,'PASEO',524),(314,'PASSO',524),(315,'PASSO SETTE',524),(316,'PICNIC',524),(317,'PIXIS',524),(318,'PIXIS EPOCH',524),(319,'PIXIS JOY',524),(320,'PIXIS MEGA',524),(321,'PIXIS SPACE',524),(322,'PIXIS VAN',524),(323,'PLATZ',524),(324,'PORTE',524),(325,'PREMIO',524),(326,'PREVIA',524),(327,'PRIUS',524),(328,'PRIUS A',524),(329,'PRIUS ALPHA',524),(330,'PRIUS C',524),(331,'PRIUS PLUS',524),(332,'PRIUS V',524),(333,'PRIUS V (+)',524),(334,'PROACE',524),(335,'PROBOX',524),(336,'PROGRES',524),(337,'PRONARD',524),(338,'PUBLICA',524),(339,'QUANTUM',524),(340,'RACTIS',524),(341,'RAIZE',524),(342,'RAUM',524),(343,'RAV4',524),(344,'REGIUS',524),(345,'REGIUSACE',524),(346,'REIZ',524),(347,'ROOMY',524),(348,'RUKUS',524),(349,'RUSH',524),(350,'SAI',524),(351,'SCEPTER',524),(352,'SEQUOIA',524),(353,'SERA',524),(354,'SIENNA',524),(355,'SIENTA',524),(356,'SOARER',524),(357,'SOLUNA',524),(358,'SPACE CRUISER',524),(359,'SPADE',524),(360,'SPARKY',524),(361,'SPORTS 800',524),(362,'SPRINTER',524),(363,'SPRINTER CARIB',524),(364,'SPRINTER MARINO',524),(365,'SPRINTER TRUENO',524),(366,'STALLION',524),(367,'STARLET',524),(368,'STOUT',524),(369,'SUCCEED',524),(370,'SUPER',524),(371,'SUPRA',524),(372,'T100',524),(373,'TACOMA',524),(374,'TAMARAW FX',524),(375,'TANK',524),(376,'TARAGO',524),(377,'TAZZ',524),(378,'TERCEL',524),(379,'TIARA',524),(380,'TOURING HIACE',524),(381,'TOWN ACE',524),(382,'TUNDRA',524),(383,'UNSER',524),(384,'URBAN CRUISER',524),(385,'VANGUARD',524),(386,'VELLFIRE',524),(387,'VENTURE',524),(388,'VENZA',524),(389,'VEROSSA',524),(390,'VERSO',524),(391,'VERSO-S',524),(392,'VIENTA',524),(393,'VIOS',524),(394,'VISTA',524),(395,'VITZ',524),(396,'VOLTZ',524),(397,'VOXY',524),(398,'WILL',524),(399,'WILL CYPHA',524),(400,'WILL VI',524),(401,'WILL VS',524),(402,'WINDOM',524),(403,'WISH',524),(404,'YARIS',524),(405,'YARIS VERSO',524),(406,'ZACE',524);
/*!40000 ALTER TABLE `models_master` ENABLE KEYS */;
UNLOCK TABLES;

--
-- Table structure for table `vehicles`
--

DROP TABLE IF EXISTS `vehicles`;
/*!40101 SET @saved_cs_client     = @@character_set_client */;
/*!40101 SET character_set_client = utf8 */;
CREATE TABLE `vehicles` (
  `vin` varchar(17) NOT NULL,
  `make_id` int(11) NOT NULL,
  `model_id` int(11) NOT NULL,
  `plate` varchar(10) NOT NULL,
  `img_path` varchar(255) NOT NULL,
  `status` varchar(32) NOT NULL,
  `create_date` datetime DEFAULT NULL COMMENT 'create date',
  `update_date` datetime DEFAULT NULL,
  `mfr_date` datetime DEFAULT NULL,
  `disp_date` datetime DEFAULT NULL,
  PRIMARY KEY (`vin`),
  KEY `disp_date` (`disp_date`),
  KEY `mfr_date` (`mfr_date`)
) ENGINE=InnoDB DEFAULT CHARSET=utf8;
/*!40101 SET character_set_client = @saved_cs_client */;

--
-- Dumping data for table `vehicles`
--

LOCK TABLES `vehicles` WRITE;
/*!40000 ALTER TABLE `vehicles` DISABLE KEYS */;
INSERT INTO `vehicles` VALUES ('1',1,1,'12423a','/var/crusher_images/abc.jpg','IN_PROGRESS','2021-07-09 00:00:00','2021-07-09 00:00:00','2121-01-01 00:00:00',NULL),('1123',12,1,'12344','/var/crusher_images/abc.jpg','IN_PROGRESS','2021-07-09 00:00:00','2021-07-09 00:00:00','2121-01-01 00:00:00',NULL),('1212',1,1,'21240101','/var/crusher_images/abc.jpg','IN_PROGRESS','2021-07-09 00:00:00','2021-07-09 00:00:00','1900-01-01 00:00:00',NULL),('121222',1,1,'21240101','/var/crusher_images/abc.jpg','IN_PROGRESS','2021-07-09 00:00:00','2021-07-09 00:00:00','1900-01-01 00:00:00',NULL),('13',466,760,'dmkuc','uvwaq','whogt','1981-12-07 01:29:42','2018-01-11 22:29:14','1985-01-05 08:50:01','2015-06-03 22:14:54'),('14',247,374,'kodku','njygl','uevxn','1998-01-10 11:33:43','1972-09-01 20:35:24','1989-04-14 23:03:53','2017-05-02 19:45:19'),('16',555,463,'mvolg','euepq','qijsp','1997-06-10 09:14:50','1987-09-09 20:39:23','1980-09-30 23:47:18','1981-12-01 03:23:49'),('18',494,148,'efyvj','apput','phnch','2009-07-04 20:12:07','1979-03-05 22:22:28','1981-01-19 16:48:38','1992-03-09 21:02:21'),('19',659,20,'twpdc','nswno','rfykb','1997-04-12 02:39:03','1986-04-27 13:56:57','2002-11-26 19:34:40','2019-01-04 08:43:31'),('2',901,173,'jjrsf','kujby','szcwd','2008-02-05 15:17:05','1975-06-03 21:08:16','1974-07-18 00:49:33','2006-09-06 19:16:39'),('21321',1,1,'mxv2928','/var/crusher_images/abc.jpg','IN_PROGRESS','2021-07-09 00:00:00','2021-07-09 00:00:00','1999-01-01 00:00:00',NULL),('4',221,345,'fvpig','vkbqo','kfyxv','1989-03-11 01:49:53','2003-04-23 03:26:37','2012-03-15 10:29:38','2015-07-16 01:10:39'),('5',259,646,'esckq','xjiat','qihlt','1997-01-11 13:25:12','2014-06-23 05:09:57','1970-08-20 06:43:53','2009-04-09 02:41:57'),('6',160,368,'wufwn','sgifo','uwmek','2009-01-01 15:23:05','1995-01-09 18:54:51','1985-03-21 12:28:16','2004-06-30 05:46:35'),('7',410,1023,'sepmo','aimuv','qdqni','1993-07-19 17:56:02','1999-07-12 02:11:22','1971-11-03 02:26:08','1977-03-10 22:23:09'),('8',562,492,'ueinl','lgdex','axjsn','1997-04-22 13:05:40','1989-01-14 16:05:17','1990-04-04 12:49:09','1999-05-29 16:54:41');
/*!40000 ALTER TABLE `vehicles` ENABLE KEYS */;
UNLOCK TABLES;
/*!40103 SET TIME_ZONE=@OLD_TIME_ZONE */;

/*!40101 SET SQL_MODE=@OLD_SQL_MODE */;
/*!40014 SET FOREIGN_KEY_CHECKS=@OLD_FOREIGN_KEY_CHECKS */;
/*!40014 SET UNIQUE_CHECKS=@OLD_UNIQUE_CHECKS */;
/*!40101 SET CHARACTER_SET_CLIENT=@OLD_CHARACTER_SET_CLIENT */;
/*!40101 SET CHARACTER_SET_RESULTS=@OLD_CHARACTER_SET_RESULTS */;
/*!40101 SET COLLATION_CONNECTION=@OLD_COLLATION_CONNECTION */;
/*!40111 SET SQL_NOTES=@OLD_SQL_NOTES */;

-- Dump completed on 2021-07-09 12:13:08
